{
  "project_info": {
    "project_number": "434498893574",
    "firebase_url": "https://todfoff.firebaseio.com",
    "project_id": "todfoff",
    "storage_bucket": "todfoff.appspot.com"
  },
  "client": [
    {
      "client_info": {
        "mobilesdk_app_id": "1:434498893574:android:273ef2329e1c30b30c5087",
        "android_client_info": {
          "package_name": "com.example.todfoff"
        }
      },
      "oauth_client": [
        {
          "client_id": "434498893574-q5pro85hm0lbv2ve9envj5su1mv2rh9i.apps.googleusercontent.com",
          "client_type": 3
        }
      ],
      "api_key": [
        {
          "current_key": "AIzaSyDdvVE8FgV3VGbheSw9CKnZFEepqYxEGfg"
        }
      ],
      "services": {
        "appinvite_service": {
          "other_platform_oauth_client": [
            {
              "client_id": "434498893574-q5pro85hm0lbv2ve9envj5su1mv2rh9i.apps.googleusercontent.com",
              "client_type": 3
            }
          ]
        }
      }
    }
  ],
  "configuration_version": "1"
}